{
  "dataBinding": {
    "/webapp/view/Dialog3.view.xml": {
      "entitySet": ""
    },
    "/webapp/view/Dialog7.view.xml": {
      "entitySet": ""
    },
    "/webapp/view/Dialog4.view.xml": {
      "entitySet": ""
    },
    "/webapp/view/AppMain.view.xml": {
      "entitySet": ""
    },
    "/webapp/view/AppLogin.view.xml": {
      "entitySet": ""
    },
    "/webapp/view/Dialog6.view.xml": {
      "entitySet": ""
    },
    "/webapp/view/Dialog5.view.xml": {
      "entitySet": ""
    },
    "/webapp/view/AppOrder.view.xml": {
      "entitySet": ""
    },
    "/webapp/view/Dialog1.view.xml": {
      "entitySet": "/TrackedOrdersSet"
    },
    "/webapp/view/AppOrderTracking.view.xml": {
      "entitySet": ""
    },
    "/webapp/view/AppOrderRouteView.view.xml": {
      "entitySet": ""
    },
    "/webapp/view/AppOrderRouteNavigation.view.xml": {
      "entitySet": ""
    },
    "/webapp/view/Dialog2.view.xml": {
      "entitySet": ""
    },
    "/webapp/view/contacts.view.xml": {
      "entitySet": ""
    }
  },
  "mockpreview": {
    "mockUri": "/here/goes/your/serviceUrl/",
    "metadataFilePath": "localService/metadata.xml",
    "loadJSONFiles": false,
    "loadCustomRequests": false,
    "mockRequestsFilePath": ""
  },
  "hcpdeploy": {
    "account": "p1942895941trial",
    "name": "effihubdriver00",
    "lastVersionWeTriedToDeploy": "1.0.1"
  },
  "translation": {
    "translationDomain": "",
    "supportedLanguages": "",
    "defaultLanguage": "",
    "defaultI18NPropertyFile": "",
    "resourceModelName": ""
  }
}