{"webapp/model/models.js":1508248096000,"webapp/resources/2017-10-04_10_24_17-Atlantic_Trade_to_Kaufland__Pula__Croatia_-_Google_Maps.png":1508761898000,"webapp/view/Dialog5.view.xml":1508248096000,"webapp/view/Dialog7.view.xml":1508507965000,"webapp/controller/AppOrder.controller.js":1508248096000,"webapp/view/Dialog6.view.xml":1508248096000,"webapp/Component.js":1509007907000,"webapp/controller/AppOrderRouteNavigation.controller.js":1508414933000,".project.json":1508947036000,"webapp/resources/1022a24d5c612a2978d23cdbb7f3e8e8.png":1508761898000,"webapp/test/testFLPServiceMockServer.html":1509007959000,"webapp/controller/AppMain.controller.js":1509011135000,"webapp/controller/Dialog8.controller.js":1508936560000,"webapp/localService/AggregatedStatusDataSet.json":1508248097000,"webapp/resources/navigacija.jpg":1508761898000,"webapp/controller/utilities.js":1508248097000,"webapp/resources/icon-consistency-small-pos.png":1508761898000,"webapp/controller/Dialog3.controller.js":1508248097000,"webapp/view/AppLogin.view.xml":1508926561000,"webapp/view/contacts.view.xml":1508507171000,"webapp/resources/Untitled.png":1508761898000,"webapp/controller/SendEmail.controller.js":1508426859000,"webapp/i18n/i18n_en.properties":1508248097000,"webapp/view/DetailedAchievementView.view.xml":1508934597000,"webapp/manifest.json":1509017927000,"webapp/view/Dialog3.view.xml":1508248097000,"webapp/view/AppOrderRouteNavigation.view.xml":1508757298000,"webapp/localService/Order2Question.json":1508248097000,"webapp/test/testFLPService.html":1509007959000,"webapp/controller/Dialog1.controller.js":1508248097000,"webapp/view/AppOrderRouteView.view.xml":1508756862000,"webapp/resources/atlantic_logo_RGB-02_crop.png":1508761898000,"webapp/view/Dialog4.view.xml":1508248097000,"webapp/view/SendEmail.view.xml":1508507272000,"webapp/controller/AppOrderTracking.controller.js":1509016811000,".gitignore":1508333832000,"webapp/controller/contacts.controller.js":1508493537000,"webapp/controller/Dialog6.controller.js":1508248097000,"webapp/localService/TrackedOrdersSet.json":1508248097000,".che/project.json":1508498573000,"webapp/controller/Dialog7.controller.js":1508248097000,"webapp/view/AppMain.view.xml":1509011278000,"webapp/localService/Sensors.json":1508761898000,"webapp/resources/truck_icon.png":1508761898000,"webapp/view/Signature.view.xml":1509016859000,"webapp/view/Dialog1.view.xml":1508248097000,"webapp/controller/AppLogin.controller.js":1508248097000,"webapp/resources/satisfaction-icon-9.png":1508761898000,"webapp/view/DialogCall.view.xml":1508757708000,"webapp/controller/AppOrderRouteView.controller.js":1508404029000,"webapp/controller/DialogCall.controller.js":1508499112000,"webapp/i18n/i18n.properties":1508248097000,"webapp/controller/Dialog2.controller.js":1508248097000,"webapp/localService/metadata.xml":1508936147000,".user.project.json":1509017419000,"webapp/localService/LocationsSet.json":1508333942000,"webapp/localService/mockserver.js":1508248098000,"webapp/view/AppOrderTracking.view.xml":1509016811000,"webapp/resources/dashboard-512.png":1508761898000,"webapp/controller/Dialog5.controller.js":1508248098000,"webapp/view/Dialog2.view.xml":1508248098000,"webapp/view/Dialog8.view.xml":1508936564000,"webapp/controller/Signature.controller.js":1509016925000,"webapp/WEB-INF/web.xml":1508248098000,"webapp/localService/AlertsSet.json":1508333953000,"neo-app.json":1508927245000,"webapp/controller/Dialog4.controller.js":1508248098000,"webapp/controller/DetailedAchievementView.controller.js":1508934624000,"webapp/view/AppOrder.view.xml":1508757298000,"webapp/localService/contacts.json":1508335029000,"webapp/test/fakeLRep.json":1508248098000}