{
  "dataBinding": {
    "/webapp/view/Dialog4.view.xml": {
      "entitySet": ""
    },
    "/webapp/view/Dialog7.view.xml": {
      "entitySet": "/TrackedOrdersSet"
    },
    "/webapp/view/AppLogin.view.xml": {
      "entitySet": ""
    },
    "/webapp/view/AppMain.view.xml": {
      "entitySet": ""
    },
    "/webapp/view/Dialog6.view.xml": {
      "entitySet": ""
    },
    "/webapp/view/Dialog8.view.xml": {
      "entitySet": ""
    },
    "/webapp/view/Dialog5.view.xml": {
      "entitySet": ""
    },
    "/webapp/view/Dialog1.view.xml": {
      "entitySet": "/TrackedOrdersSet"
    },
    "/webapp/view/Dialog3.view.xml": {
      "entitySet": ""
    },
    "/webapp/view/AppOrderTracking.view.xml": {
      "entitySet": ""
    },
    "/webapp/view/AppOrderRouteView.view.xml": {
      "entitySet": ""
    },
    "/webapp/view/AppOrder.view.xml": {
      "entitySet": ""
    },
    "/webapp/view/DetailedAchievementView.view.xml": {
      "entitySet": ""
    },
    "/webapp/view/AppMainO.view.xml": {
      "entitySet": ""
    },
    "/webapp/view/Dialog2.view.xml": {
      "entitySet": ""
    }
  },
  "hcpdeploy": {
    "account": "p1942970438trial",
    "name": "effipointdriver",
    "lastVersionWeTriedToDeploy": "1.0.0"
  },
  "mockpreview": {
    "mockUri": "/here/goes/your/serviceUrl/",
    "metadataFilePath": "localService/metadata.xml",
    "mockRequestsFilePath": "",
    "loadJSONFiles": true,
    "loadCustomRequests": false
  }
}