[{
	"ID": "SD-000001",
	"StatusType": "OrderInQueueForPickup",
	"StatusData": 15,
	"StatusText": "Orders received from customers and in wait"
}, {
	"ID": "SD-000002",
	"StatusType": "OrderInTransit",
	"StatusData": 60,
	"StatusText": "Orders that are being delivered"
}, {
	"ID": "SD-000003",
	"StatusType": "OrderWaiting",
	"StatusData": 2,
	"StatusText": "Orders that are delayed/waiting in transit (for some reason)"
}, {
	"ID": "SD-000004",
	"StatusType": "OrderDelivered",
	"StatusData": 120,
	"StatusText": "Orders that have been delivered"
}, {
	"ID": "SD-000005",
	"StatusType": "OrderNOTAssigned",
	"StatusData": 13,
	"StatusText": "Orders that are received from ERP but not assigned"
}, {
	"ID": "SD-000006",
	"StatusType": "OrderAssigned",
	"StatusData": 14,
	"StatusText": "Orders that are received from ERP and assigned but no vehicle is still available to take them"
}]