<edmx:Edmx Version="1.0" xmlns:edmx="http://schemas.microsoft.com/ado/2007/06/edmx" xmlns:m="http://schemas.microsoft.com/ado/2007/08/dataservices/metadata" xmlns:sap="http://www.sap.com/Protocols/SAPData">
    <edmx:DataServices m:DataServiceVersion="2.0">
        <Schema Namespace="e5abea026ed911470e9f56c0" xml:lang="en" sap:schema-version="0000" xmlns="http://schemas.microsoft.com/ado/2008/09/edm">
            <EntityContainer Name="e5abea026ed911470e9f56c0_Entities" m:IsDefaultEntityContainer="true">
                <EntitySet Name="TrackedOrdersSet" EntityType="e5abea026ed911470e9f56c0.TrackedOrders" sap:creatable="true" sap:updatable="true" sap:deletable="true"/>
                <EntitySet Name="contacts" EntityType="e5abea026ed911470e9f56c0.contacts" sap:creatable="true" sap:updatable="true" sap:deletable="true"/>
                <EntitySet Name="AggregatedStatusDataSet" EntityType="e5abea026ed911470e9f56c0.AggregatedStatusData" sap:creatable="true" sap:updatable="true" sap:deletable="true"/>
                <EntitySet Name="AlertsSet" EntityType="e5abea026ed911470e9f56c0.Alerts" sap:creatable="true" sap:updatable="true" sap:deletable="true"/>
                <AssociationSet Name="AlertsAlert2OrdersTrackedOrders" Association="e5abea026ed911470e9f56c0.AlertsAlert2OrdersTrackedOrders" sap:creatable="true" sap:updatable="true" sap:deletable="true">
                    <End EntitySet="AlertsSet" Role="FromRole_AlertsAlert2OrdersTrackedOrders"/>
                    <End EntitySet="TrackedOrdersSet" Role="ToRole_AlertsAlert2OrdersTrackedOrders"/>
                </AssociationSet>
                <EntitySet Name="LocationsSet" EntityType="e5abea026ed911470e9f56c0.Locations" sap:creatable="true" sap:updatable="true" sap:deletable="true"/>
        		<EntitySet Name="Sensors" EntityType="962ac8d887b61c220ea0e690.Sensors" sap:creatable="true" sap:updatable="true" sap:deletable="true"/>
            </EntityContainer>
            <EntityType Name="TrackedOrders">
                <Key>
                    <PropertyRef Name="ID"/>
                </Key>
                <Property Name="ID" Type="Edm.String" sap:creatable="true" sap:updatable="true" sap:deletable="true" sap:label="ID"/>
                <Property Name="Route" Type="Edm.String" sap:creatable="true" sap:updatable="true" sap:deletable="true" sap:label="id2"/>
                <Property Name="sapOID" Type="Edm.String" sap:creatable="true" sap:updatable="true" sap:deletable="true" sap:label="TargetOrderId"/>
                <Property Name="currentGPS" Type="Edm.String" sap:creatable="true" sap:updatable="true" sap:deletable="true" sap:label="currentGPS"/>
                <Property Name="timestamp" Type="Edm.DateTimeOffset" sap:creatable="true" sap:updatable="true" sap:deletable="true" sap:label="timestamp"/>
                <Property Name="Status" Type="Edm.String" sap:creatable="true" sap:updatable="true" sap:deletable="true" sap:label="Status"/>
            </EntityType>
             <EntityType Name="Sensors">
                <Key>
                    <PropertyRef Name="ID"/>
                </Key>
                <Property Name="ID" Type="Edm.String" sap:creatable="true" sap:updatable="true" sap:deletable="true" sap:label="ID"/>
                <Property Name="Humidity" Type="Edm.Decimal" sap:creatable="true" sap:updatable="true" sap:deletable="true" sap:label="Humidity"/>
                <Property Name="HumUnit" Type="Edm.String" sap:creatable="true" sap:updatable="true" sap:deletable="true" sap:label="HumUnit"/>
                <Property Name="Temperature" Type="Edm.Decimal" sap:creatable="true" sap:updatable="true" sap:deletable="true" sap:label="Temperature"/>
                <Property Name="TempUnit" Type="Edm.String" sap:creatable="true" sap:updatable="true" sap:deletable="true" sap:label="TempUnit"/>
                <Property Name="Stess" Type="Edm.Decimal" sap:creatable="true" sap:updatable="true" sap:deletable="true" sap:label="Stess"/>
                <Property Name="SUnit" Type="Edm.String" sap:creatable="true" sap:updatable="true" sap:deletable="true" sap:label="SUnit"/>
            </EntityType>
             <EntityType Name="contacts">
                <Key>
                    <PropertyRef Name="ID"/>
                </Key>
                <Property Name="ID" Type="Edm.String" sap:creatable="true" sap:updatable="true" sap:deletable="true" sap:label="ID"/>
                <Property Name="Number" Type="Edm.String" sap:creatable="true" sap:updatable="true" sap:deletable="true" sap:label="Number"/>
                <Property Name="email" Type="Edm.String" sap:creatable="true" sap:updatable="true" sap:deletable="true" sap:label="Email"/>
            </EntityType>
            <EntityType Name="AggregatedStatusData">
                <Key>
                    <PropertyRef Name="ID"/>
                </Key>
                <Property Name="ID" Type="Edm.String" sap:creatable="true" sap:updatable="true" sap:deletable="true" sap:label="ID"/>
                <Property Name="StatusType" Type="Edm.String" sap:creatable="true" sap:updatable="true" sap:deletable="true" sap:label="StatusType"/>
                <Property Name="StatusData" Type="Edm.Decimal" sap:creatable="true" sap:updatable="true" sap:deletable="true" sap:label="StatusData"/>
                <Property Name="StatusText" Type="Edm.String" sap:creatable="true" sap:updatable="true" sap:deletable="true" sap:label="StatusText"/>
            </EntityType>
            <EntityType Name="Alerts">
                <Key>
                    <PropertyRef Name="ID"/>
                </Key>
                <Property Name="ID" Type="Edm.String" sap:creatable="true" sap:updatable="true" sap:deletable="true" sap:label="ID"/>
                <Property Name="AlertType" Type="Edm.String" sap:creatable="true" sap:updatable="true" sap:deletable="true" sap:label="AlertType"/>
                <Property Name="AlertStatus" Type="Edm.String" sap:creatable="true" sap:updatable="true" sap:deletable="true" sap:label="AlertStatus"/>
                <Property Name="Alert2Order" Type="Edm.String" sap:creatable="true" sap:updatable="true" sap:deletable="true" sap:label="Alert2Order"/>
                <Property Name="Timestamp" Type="Edm.DateTimeOffset" sap:creatable="true" sap:updatable="true" sap:deletable="true" sap:label="Timestamp"/>
                <Property Name="___FK_12a68c1b3b8e0ad60e97a72c" Type="Edm.String" sap:creatable="true" sap:updatable="true" sap:deletable="true" sap:label="___FK_12a68c1b3b8e0ad60e97a72c"/>
                <NavigationProperty Name="Alert2Orders" Relationship="e5abea026ed911470e9f56c0.AlertsAlert2OrdersTrackedOrders" FromRole="FromRole_AlertsAlert2OrdersTrackedOrders" ToRole="ToRole_AlertsAlert2OrdersTrackedOrders"/>
            </EntityType>
            <Association Name="AlertsAlert2OrdersTrackedOrders">
                <End Type="e5abea026ed911470e9f56c0.Alerts" Multiplicity="1" Role="FromRole_AlertsAlert2OrdersTrackedOrders"/>
                <End Type="e5abea026ed911470e9f56c0.TrackedOrders" Multiplicity="1" Role="ToRole_AlertsAlert2OrdersTrackedOrders"/>
                <ReferentialConstraint>
                    <Principal Role="ToRole_AlertsAlert2OrdersTrackedOrders">
                        <PropertyRef Name="ID"/>
                    </Principal>
                    <Dependent Role="FromRole_AlertsAlert2OrdersTrackedOrders">
                        <PropertyRef Name="___FK_12a68c1b3b8e0ad60e97a72c"/>
                    </Dependent>
                </ReferentialConstraint>
            </Association>
            <EntityType Name="Locations">
                <Key>
                    <PropertyRef Name="ID"/>
                </Key>
                <Property Name="ID" Type="Edm.String" sap:creatable="true" sap:updatable="true" sap:deletable="true" sap:label="ID"/>
                <Property Name="Text" Type="Edm.String" sap:creatable="true" sap:updatable="true" sap:deletable="true" sap:label="Text"/>
            </EntityType>
        </Schema>
    </edmx:DataServices>
</edmx:Edmx>