[{
	"ID": "Smart_Label_ID_1",
	"Humidity":12,
	"HumUnit":"g/cm^3",
	"Temperature":3,
	"TempUnit":"°C",
	"Stress":400,
	"SUnit":"N/m"
}, {
	"ID": "Smart_Label_ID_2",
	"Humidity":4,
	"HumUnit":"g/cm^3",
	"Temperature":25,
	"TempUnit":"°C",
	"Stress":50,
	"SUnit":"N/m"
}, {
	"ID": "Smart_Label_ID_3",
	"Humidity":12,
	"HumUnit":"g/cm^3",
	"Temperature":3,
	"TempUnit":"°C",
	"Stress":13,
	"SUnit":"N/m"
}, {
	"ID": "Smart_Label_ID_4",
	"Humidity":10,
	"HumUnit":"g/cm^3",
	"Temperature":2,
	"TempUnit":"°C",
	"Stress":15,
	"SUnit":"N/m"
}, {
	"ID": "Smart_Label_ID_5",
	"Humidity":15,
	"HumUnit":"g/cm^3",
	"Temperature":10,
	"TempUnit":"°C",
	"Stress":12,
	"SUnit":"N/m"
}, {
	"ID": "Smart_Label_ID_6",
	"Humidity":11,
	"HumUnit":"g/cm^3",
	"Temperature":2,
	"TempUnit":"°C",
	"Stress":24,
	"SUnit":"N/m"
}, {
	"ID": "Smart_Label_ID_7",
	"Humidity":10,
	"HumUnit":"g/cm^3",
	"Temperature":6,
	"TempUnit":"°C",
	"Stress":27,
	"SUnit":"N/m"
}]