[{"Status":"OrderInQueueForPickup","timestamp":"/Date(1507075200000)/","ID":"OID-000001","Route":"Zagreb-Osijek","sapOID":"00031-1244-11666","currentGPS":"45.802423, 16.059137"},{"Status":"OrderInQueueForPickup","timestamp":"/Date(1507075200000)/","ID":"OID-000002","Route":"Zagreb-Rijeka","sapOID":"00051-1244-11666","currentGPS":"45.802423, 16.059137"},{"Status":"OrderInQueueForPickup","timestamp":"/Date(1507075200000)/","ID":"OID-000003","Route":"Zagreb-Split","sapOID":"000XX-1244-11666","currentGPS":"45.802423, 16.059137"},{"Status":"OrderInQueueForPickup","timestamp":"/Date(1507075200000)/","ID":"OID-000004","Route":"Zagreb-Zadar","sapOID":"000YY-1244-11666","currentGPS":"45.802423, 16.059137"},{"ID":"OID-000005","Route":"Zagreb-Zadar","sapOID":"00031-1244-11667","currentGPS":"45.659038, 15.703832","timestamp":"/Date(1507075200000)/","Status":"OrderInTransit"},{"ID":"OID-000006","Route":"Zagreb-Osijek","sapOID":"00031-1244-11668","currentGPS":"45.772009, 16.208308","timestamp":"/Date(1507075200000)/","Status":"OrderInTransit"}]