[{
	"___FK_12a68c1b3b8e0ad60e97a72c": "OID-000001",
	"Timestamp": "/Date(1502496000000)/",
	"Alert2Order": "OID-000001",
	"AlertStatus": "Clear",
	"AlertType": "Traffic Jam",
	"ID": "A00001"
}, {
	"___FK_12a68c1b3b8e0ad60e97a72c": "OID-000002",
	"Timestamp": "/Date(1502496000000)/",
	"Alert2Order": "OID-000002",
	"AlertStatus": "Clear",
	"AlertType": "Traffic Jam",
	"ID": "A00002"
}, {
	"___FK_12a68c1b3b8e0ad60e97a72c": "OID-000005",
	"Timestamp": "/Date(1507075200000)/",
	"Alert2Order": "OID-000005",
	"AlertStatus": "Active",
	"AlertType": "Accident",
	"ID": "A00003"
}]