[{
	"ID": "s1",
	"Humidity": 4,
	"HumUnit": "g/cm^3",
	"Temperature": 23,
	"TempUnit": "°C",
	"Stress": 25,
	"SUnit": "N/m",
	"Stess": 12
}, {
	"ID": "s2",
	"Humidity": 6,
	"HumUnit": "g/cm^3",
	"Temperature": 23,
	"TempUnit": "°C",
	"Stress": 25,
	"SUnit": "N/m",
	"Stess": 3
}, {
	"ID": "s3",
	"Humidity": 3,
	"HumUnit": "g/cm^3",
	"Temperature": 23,
	"TempUnit": "°C",
	"Stress": 25,
	"SUnit": "N/m",
	"Stess": 4.4
}, {
	"ID": "s4",
	"Humidity": 15,
	"HumUnit": "g/cm^3",
	"Temperature": 23,
	"TempUnit": "°C",
	"Stress": 25,
	"SUnit": "N/m",
	"Stess": 332
}, {
	"ID": "s5",
	"Humidity": 1,
	"HumUnit": "g/cm^3",
	"Temperature": 23,
	"TempUnit": "°C",
	"Stress": 25,
	"SUnit": "N/m",
	"Stess": 22
}, {
	"ID": "s6",
	"Humidity": 9,
	"HumUnit": "g/cm^3",
	"Temperature": 23,
	"TempUnit": "°C",
	"Stress": 25,
	"SUnit": "N/m",
	"Stess": 34
}, {
	"ID": "s7",
	"Humidity": 11,
	"HumUnit": "g/cm^3",
	"Temperature": 23,
	"TempUnit": "°C",
	"Stress": 25,
	"SUnit": "N/m",
	"Stess": 5
}]